                  epoch,             train/loss,  metrics/accuracy_top1,  metrics/accuracy_top5,               val/loss,                 lr/pg0,                 lr/pg1,                 lr/pg2
                      0,                 0.3173,                0.51339,                      1,                 1.1043,               0.070526,              0.0032749,              0.0032749
                      1,                0.19803,                0.70982,                      1,                0.93404,               0.039709,              0.0057904,              0.0057904
                      2,                0.15244,                0.50893,                      1,                 1.0433,              0.0080658,               0.007481,               0.007481
                      3,                0.12088,                0.77232,                      1,                0.85679,              0.0062875,              0.0062875,              0.0062875
                      4,                 0.1052,                0.82589,                      1,                0.83041,              0.0062875,              0.0062875,              0.0062875
                      5,                0.07089,                0.80357,                      1,                0.82858,                0.00505,                0.00505,                0.00505
                      6,                0.05689,                0.89732,                      1,                0.76896,              0.0038125,              0.0038125,              0.0038125
                      7,                0.04264,                0.91964,                      1,                0.74517,               0.002575,               0.002575,               0.002575
